Name,Age,Salary,Gender,Department
1,0.11593472394004206,-0.7277781371744775,1,3
0,-0.5796736197002103,0.0,0,0
2,0.0,0.4366668823046865,1,1
3,-1.2752819633404626,-1.3100006469140595,0,2
4,1.7390208591006309,1.6011119017838504,1,3
